name,street,phone
"Zachary's Chicago Pizza, Inc.",5801 College Ave.,
Mg's Pizza,5736 Thornhill Dr,
Cybelle's Pizza,6468 Moraga Ave,
Pizza Rustica,6106 La Salle Ave,
California Pizza Kitchen,5614 Bay St. Suite 244,
Pizzaiolo,5008 Telegraph Avenue,
Red Boy Pizza,1500 Leimert Blvd,
Lanesplitter Pizza & Pubs,Five East Bay Locations,
Fat Slice Pizza,2375 Telegraph Ave,
Blondie's Pizza,2340 Telegraph Ave,
Pizza Pazza,3905 PIEDMOND AVE,
Zachary's Chicago Pizza,1853 Solano Avenue,
"Artichoke Basille's Pizza, Berkeley",2590 Durant Ave,
Pastino's Pasta & Pizza,4207 Park Blvd,
Round Table Pizza Oakland Mountain Blvd,2854 Mountain Boulevard,
Pizza Rustica,5422 College Ave,
Tony's Pizza Napoletana,1570 Stockton Street,
Pizza My Heart,5613 Bay St,
Fist of Flour Pizza Company,4166 MacArthur Blvd.,
La Val's Pizza,1834 Euclid Ave,
North Beach Pizza,1598 University Ave,
Domino's Pizza,3360 Grand Ave,
Fiestas Pizza,3306 Lakeshore Ave,
Round Table Pizza Oakland Grand Avenue,398 Grand Avenue,
Rotten City Pizza,6613 Hollis St.,
California Pizza Kitchen,1120 Broadway Plaza,
Porky's Pizza Palace,1221 Manor Blvd.,
Lanesplitter Pizza & Pubs,536 Lake Park Ave.,
Extreme Pizza - College,3204 College Avenue,
Seniore's Pizza,2518 Durant St.,
Pizza Antica Lafayette,3600 Mt. Diablo Boulevard,
Zachary's Pizza,140 Crescent Drive,
Golden Boy Pizza,542 Green St.,
California Pizza Kitchen,53 Third St.,
Little Star Pizza Valencia,400 Valenica St,
Pizza Orgasmica & Brewing Company,2 Embarcadero Center,
Round Table Pizza,2651 Blanding Ave Ste H,
Pinky's Pizza,2085 North Broadway #100,
Cheese Board Pizza Collective,"",
Uncle Vito's Pizza,700 Bush Street,
Goat Hill Pizza,300 Connecticut Street,
North Beach Pizza,1462 Grant Avenue,
Fresh Pizza,15829 Channel Street,
Una Pizza,210 11th Street,
Pizza Orgasmica - Fillmore,3145 Fillmore Street,
Long Bridge Pizza Company,2347 3rd Street,
DNA Pizza,371 Eleventh Street,
Dino & Santino's Pizza and Dining,2101 Fillmore Street,
Extreme Pizza - Folsom,1062 Folsom St ,
Casey's Pizza,100 Spear Street,
Victor's Pizza,1411 Polk St,
Valencia Pizza & Pasta,801 Valencia St,
Little Star Pizza,400 Valencia St,
Pauline's Pizza and Wine Bar,260 Valencia St. ,
Pizza Inferno,1800 Fillmore St,
All Good Pizza,1605 Jerrold Avenue ,
Za Pizza,1919 Hyde St,
SF Hole In The Wall Pizza,3244 Scott St,
San Francisco Pizza & Restaurant - Oakland,1190 Macdonald Ave.,
Round Table Pizza,1409 Fitzgerald Dr,
Pizza Zone Fisherman's Wharf,555 Beach St,
Farina Pizza,700 Valencia Street,
Fyre Pizza,52nd St,
Forge - Jack London Square,66 Franklin St,
